year,blogs,facebook,news,policies,twitter,wikipedia
2012,0.0326295075407673467,0.0561481988593114292,0.0222635900273371377,0.0220541459762515454,0.2260690633943378207,0.0213945535168625906
2013,0.0359234303997201339,0.0775877587758775877,0.0331881771173068723,0.0204120007142414646,0.2701071726605858966,0.0193646895053877857
2014,0.0379334435702725380,0.0690062175038003658,0.0393356293511116728,0.0172404955747241443,0.3363146457146267566,0.0174890552975168602
2015,0.0377800228470594963,0.1062211263137399601,0.0467214197309820014,0.0136415190162965706,0.3892911556826954628,0.0156219152044593974
2016,0.0418637148832902675,0.1053563500493084377,0.0572010618667008922,0.0097189353568346209,0.4114700724631037991,0.0131377846694632125
2017,0.0429258765213772357,0.1100868978926043498,0.0507194265080633072,0.0056348593435632373,0.4144363464556171812,0.0110066025700625723
2018,0.0433792668862282568,0.0844590818837908854,0.0418425339151319152,0.0027155884765833997,0.4171513667114508899,0.0078869773027215332

